,price,type,company
0,1790,tshirt,levis
1,1790,tshirt,levis
2,1790,tshirt,levis
3,1790,tshirt,levis
4,1790,tshirt,levis
5,1790,tshirt,levis
6,1590,tshirt,levis
7,1790,tshirt,levis
8,1590,tshirt,levis
9,1590,tshirt,levis
10,1790,tshirt,levis
11,1980,tshirt,levis
12,1980,tshirt,levis
13,1390,tshirt,levis
14,1980,tshirt,levis
15,1980,tshirt,levis
16,1790,tshirt,levis
17,1590,tshirt,levis
18,1980,tshirt,levis
19,1980,tshirt,levis
20,1980,tshirt,levis
21,2290,tshirt,levis
22,1790,tshirt,levis
23,1590,tshirt,levis
24,1390,tshirt,levis
25,1790,tshirt,levis
26,2290,tshirt,levis
27,1590,tshirt,levis
28,1790,tshirt,levis
29,1790,tshirt,levis
30,1790,tshirt,levis
31,1790,tshirt,levis
32,3790,pant,levis
33,3790,pant,levis
34,3980,pant,levis
35,3790,pant,levis
36,2990,pant,levis
37,3290,pant,levis
38,3790,pant,levis
39,3490,pant,levis
40,4590,pant,levis
41,3790,pant,levis
42,3980,pant,levis
43,4290,pant,levis
44,3490,pant,levis
45,4590,pant,levis
46,4590,pant,levis
47,3490,pant,levis
48,3980,pant,levis
49,3980,pant,levis
50,3980,pant,levis
51,4590,pant,levis
52,3790,pant,levis
53,3790,pant,levis
54,3980,pant,levis
55,4290,pant,levis
56,3790,pant,levis
57,4290,pant,levis
58,4590,pant,levis
59,3980,pant,levis
60,3490,pant,levis
61,2390,pant,levis
62,3790,pant,levis
63,4590,pant,levis
64,2990,pant,levis
65,3290,pant,levis
66,4790,pant,levis
67,3790,pant,levis
68,3490,pant,levis
69,3790,pant,levis
70,3490,pant,levis
71,3290,pant,levis
72,3290,pant,levis
73,3980,pant,levis
74,4980,pant,levis
75,3790,pant,levis
76,4590,pant,levis
77,3980,pant,levis
78,3980,pant,levis
79,3490,pant,levis
80,3790,pant,levis
81,3790,pant,levis
82,4980,pant,levis
83,3790,pant,levis
84,5490,pant,levis
85,4980,pant,levis
86,4590,pant,levis
87,3980,pant,levis
88,3690,pant,levis
89,2990,pant,levis
90,3790,pant,levis
91,3980,pant,levis
92,4980,pant,levis
93,3980,pant,levis
94,3980,pant,levis
95,4590,pant,levis
96,3790,pant,levis
97,3980,pant,levis
98,3980,pant,levis
99,3980,pant,levis
100,3980,pant,levis
101,3980,pant,levis
102,5490,pant,levis
103,3980,pant,levis
104,4590,pant,levis
105,3980,pant,levis
106,3980,pant,levis
107,5490,pant,levis
108,3980,pant,levis
109,3790,pant,levis
110,4980,pant,levis
111,4790,pant,levis
112,3980,pant,levis
113,4980,pant,levis
114,4590,pant,levis
115,4980,pant,levis
116,4980,pant,levis
117,3980,pant,levis
118,3790,pant,levis
119,3790,pant,levis
120,3980,pant,levis
121,4980,pant,levis
122,4590,pant,levis
123,3790,pant,levis
124,3790,pant,levis
125,3790,pant,levis
126,4590,pant,levis
127,3980,pant,levis
128,5490,jacket,levis
129,8690,jacket,levis
130,5490,jacket,levis
131,5490,jacket,levis
132,4980,jacket,levis
133,8690,jacket,levis
134,5490,jacket,levis
135,8690,jacket,levis
136,1690,boxer,levis
137,1690,boxer,levis
138,1690,boxer,levis
139,890,boxer,levis
140,1690,boxer,levis
141,1690,boxer,levis
142,1690,boxer,levis
143,1690,boxer,levis
144,1690,boxer,levis
145,1690,boxer,levis
146,1690,boxer,levis
147,890,boxer,levis
148,1690,boxer,levis
149,890,boxer,levis
150,1690,boxer,levis
151,1690,boxer,levis
152,850,boxer,levis
153,1690,boxer,levis
154,890,boxer,levis
155,1690,boxer,levis
156,1690,boxer,levis
157,1690,boxer,levis
158,3980,sweater,levis
159,2990,sweater,levis
160,3490,sweater,levis
161,3980,shirt,levis
162,1790,shirt,levis
163,5980,shirt,levis
164,3980,shirt,levis
165,9490,shirt,levis
166,3980,shirt,levis
167,3980,shirt,levis
168,7490,shirt,levis
169,3490,shirt,levis
170,7980,shirt,levis
171,3490,shirt,levis
172,7490,shirt,levis
173,8690,shirt,levis
174,2390,shirt,levis
175,3790,shirt,levis
176,7490,shirt,levis
177,3290,shirt,levis
178,2190,short,levis
179,2790,short,levis
180,450,tshirt,bas
181,590,tshirt,bas
182,690,tshirt,bas
183,490,tshirt,bas
184,390,tshirt,bas
185,650,tshirt,bas
186,550,tshirt,bas
187,490,tshirt,bas
188,490,tshirt,bas
189,450,tshirt,bas
190,450,tshirt,bas
191,690,tshirt,bas
192,490,tshirt,bas
193,290,tshirt,bas
194,225,tshirt,bas
195,490,tshirt,bas
196,490,tshirt,bas
197,490,tshirt,bas
198,250,tshirt,bas
199,390,tshirt,bas
200,590,tshirt,bas
201,390,tshirt,bas
202,550,tshirt,bas
203,990,tshirt,bas
204,450,tshirt,bas
205,490,tshirt,bas
206,590,tshirt,bas
207,590,tshirt,bas
208,250,tshirt,bas
209,490,tshirt,bas
210,490,tshirt,bas
211,190,tshirt,bas
212,390,tshirt,bas
213,690,tshirt,bas
214,690,tshirt,bas
215,550,tshirt,bas
216,590,tshirt,bas
217,390,tshirt,bas
218,390,tshirt,bas
219,590,tshirt,bas
220,590,tshirt,bas
221,190,tshirt,bas
222,490,tshirt,bas
223,490,tshirt,bas
224,590,tshirt,bas
225,490,tshirt,bas
226,590,tshirt,bas
227,490,tshirt,bas
228,490,tshirt,bas
229,590,tshirt,bas
230,350,tshirt,bas
231,390,tshirt,bas
232,590,tshirt,bas
233,490,tshirt,bas
234,490,tshirt,bas
235,490,tshirt,bas
236,590,tshirt,bas
237,590,tshirt,bas
238,590,tshirt,bas
239,290,tshirt,bas
240,490,tshirt,bas
241,490,tshirt,bas
242,490,tshirt,bas
243,490,tshirt,bas
244,390,tshirt,bas
245,490,tshirt,bas
246,590,tshirt,bas
247,650,tshirt,bas
248,390,tshirt,bas
249,450,tshirt,bas
250,390,tshirt,bas
251,550,tshirt,bas
252,350,tshirt,bas
253,490,tshirt,bas
254,590,tshirt,bas
255,350,tshirt,bas
256,450,tshirt,bas
257,450,tshirt,bas
258,590,tshirt,bas
259,490,tshirt,bas
260,550,tshirt,bas
261,450,tshirt,bas
262,450,tshirt,bas
263,590,tshirt,bas
264,450,tshirt,bas
265,490,tshirt,bas
266,450,tshirt,bas
267,590,tshirt,bas
268,490,tshirt,bas
269,450,tshirt,bas
270,450,tshirt,bas
271,490,tshirt,bas
272,350,tshirt,bas
273,390,tshirt,bas
274,390,tshirt,bas
275,450,tshirt,bas
276,590,tshirt,bas
277,290,tshirt,bas
278,290,tshirt,bas
279,490,tshirt,bas
280,390,tshirt,bas
281,490,tshirt,bas
282,490,tshirt,bas
283,490,tshirt,bas
284,250,tshirt,bas
285,490,tshirt,bas
286,250,tshirt,bas
287,250,tshirt,bas
288,690,tshirt,bas
289,450,tshirt,bas
290,450,tshirt,bas
291,290,tshirt,bas
292,450,tshirt,bas
293,350,tshirt,bas
294,290,tshirt,bas
295,490,tshirt,bas
296,490,tshirt,bas
297,490,tshirt,bas
298,390,tshirt,bas
299,750,tshirt,bas
300,450,tshirt,bas
301,490,tshirt,bas
302,450,tshirt,bas
303,490,tshirt,bas
304,1190,pant,bas
305,690,pant,bas
306,1190,pant,bas
307,450,pant,bas
308,790,pant,bas
309,890,pant,bas
310,990,pant,bas
311,890,pant,bas
312,990,pant,bas
313,550,pant,bas
314,790,pant,bas
315,890,pant,bas
316,390,pant,bas
317,490,pant,bas
318,990,pant,bas
319,990,pant,bas
320,990,pant,bas
321,990,pant,bas
322,890,pant,bas
323,1190,pant,bas
324,750,pant,bas
325,990,pant,bas
326,790,pant,bas
327,790,pant,bas
328,1190,pant,bas
329,1190,pant,bas
330,690,pant,bas
331,990,pant,bas
332,890,pant,bas
333,550,pant,bas
334,450,pant,bas
335,790,pant,bas
336,650,pant,bas
337,790,pant,bas
338,790,pant,bas
339,390,pant,bas
340,450,pant,bas
341,450,pant,bas
342,690,pant,bas
343,650,pant,bas
344,490,pant,bas
345,1290,pant,bas
346,990,pant,bas
347,999,pant,bas
348,490,pant,bas
349,690,pant,bas
350,790,pant,bas
351,790,pant,bas
352,330,pant,bas
353,450,pant,bas
354,1090,pant,bas
355,850,pant,bas
356,790,pant,bas
357,650,pant,bas
358,350,pant,bas
359,550,pant,bas
360,250,pant,bas
361,1190,pant,bas
362,690,pant,bas
363,790,pant,bas
364,790,pant,bas
365,750,jacket,bas
366,850,jacket,bas
367,1690,jacket,bas
368,650,jacket,bas
369,1290,jacket,bas
370,1290,jacket,bas
371,990,jacket,bas
372,450,jacket,bas
373,550,jacket,bas
374,750,jacket,bas
375,1090,jacket,bas
376,890,jacket,bas
377,1390,jacket,bas
378,490,jacket,bas
379,490,jacket,bas
380,650,jacket,bas
381,250,boxer,bas
382,270,boxer,bas
383,290,boxer,bas
384,229,boxer,bas
385,190,boxer,bas
386,250,boxer,bas
387,230,boxer,bas
388,199,boxer,bas
389,490,boxer,bas
390,450,boxer,bas
391,190,boxer,bas
392,690,boxer,bas
393,159,boxer,bas
394,190,boxer,bas
395,190,boxer,bas
396,290,boxer,bas
397,550,boxer,bas
398,179,boxer,bas
399,190,boxer,bas
400,129,boxer,bas
401,149,boxer,bas
402,250,boxer,bas
403,290,boxer,bas
404,550,boxer,bas
405,290,boxer,bas
406,230,boxer,bas
407,279,boxer,bas
408,279,boxer,bas
409,279,boxer,bas
410,270,boxer,bas
411,279,boxer,bas
412,279,boxer,bas
413,279,boxer,bas
414,199,boxer,bas
415,279,boxer,bas
416,279,boxer,bas
417,279,boxer,bas
418,199,boxer,bas
419,199,boxer,bas
420,590,boxer,bas
421,169,boxer,bas
422,279,boxer,bas
423,279,boxer,bas
424,279,boxer,bas
425,199,boxer,bas
426,750,sweater,bas
427,850,sweater,bas
428,1690,sweater,bas
429,650,sweater,bas
430,1290,sweater,bas
431,1290,sweater,bas
432,990,sweater,bas
433,450,sweater,bas
434,550,sweater,bas
435,750,sweater,bas
436,1090,sweater,bas
437,890,sweater,bas
438,1390,sweater,bas
439,490,sweater,bas
440,490,sweater,bas
441,650,sweater,bas
442,890,shirt,bas
443,690,shirt,bas
444,690,shirt,bas
445,990,shirt,bas
446,790,shirt,bas
447,890,shirt,bas
448,890,shirt,bas
449,890,shirt,bas
450,890,shirt,bas
451,890,shirt,bas
452,890,shirt,bas
453,890,shirt,bas
454,850,shirt,bas
455,445,shirt,bas
456,590,shirt,bas
457,790,shirt,bas
458,790,shirt,bas
459,590,shirt,bas
460,890,shirt,bas
461,790,shirt,bas
462,990,shirt,bas
463,990,shirt,bas
464,890,shirt,bas
465,650,shirt,bas
466,990,shirt,bas
467,890,shirt,bas
468,290,shirt,bas
469,590,shirt,bas
470,990,shirt,bas
471,990,shirt,bas
472,990,shirt,bas
473,275,shirt,bas
474,450,short,bas
475,590,short,bas
476,990,short,bas
477,350,short,bas
478,590,short,bas
479,450,short,bas
480,450,short,bas
481,490,short,bas
482,390,short,bas
483,390,short,bas
484,450,short,bas
485,350,short,bas
486,790,short,bas
487,890,short,bas
488,290,short,bas
489,690,short,bas
490,590,short,bas
491,890,short,bas
492,890,short,bas
493,550,short,bas
494,590,short,bas
495,490,short,bas
496,750,short,bas
497,990,short,bas
498,690,short,bas
499,650,short,bas
500,650,short,bas
501,990,short,bas
502,690,short,bas
503,790,short,bas
504,450,short,bas
505,490,short,bas
506,490,short,bas
507,490,short,bas
508,690,short,bas
509,650,short,bas
510,590,short,bas
511,1690,tshirt,kevingston
512,2090,tshirt,kevingston
513,2490,tshirt,kevingston
514,1990,tshirt,kevingston
515,890,tshirt,kevingston
516,2090,tshirt,kevingston
517,1190,tshirt,kevingston
518,1290,tshirt,kevingston
519,1190,tshirt,kevingston
520,1190,tshirt,kevingston
521,2090,tshirt,kevingston
522,1190,tshirt,kevingston
523,890,tshirt,kevingston
524,1290,tshirt,kevingston
525,1090,tshirt,kevingston
526,1190,tshirt,kevingston
527,2090,tshirt,kevingston
528,890,tshirt,kevingston
529,890,tshirt,kevingston
530,2090,tshirt,kevingston
531,890,tshirt,kevingston
532,2090,tshirt,kevingston
533,1190,tshirt,kevingston
534,1190,tshirt,kevingston
535,1190,tshirt,kevingston
536,1790,tshirt,kevingston
537,1290,tshirt,kevingston
538,1790,tshirt,kevingston
539,1290,tshirt,kevingston
540,790,tshirt,kevingston
541,1590,tshirt,kevingston
542,1290,tshirt,kevingston
543,1290,tshirt,kevingston
544,790,tshirt,kevingston
545,1690,tshirt,kevingston
546,1290,tshirt,kevingston
547,1290,tshirt,kevingston
548,790,tshirt,kevingston
549,890,tshirt,kevingston
550,790,tshirt,kevingston
551,890,tshirt,kevingston
552,1790,tshirt,kevingston
553,1290,tshirt,kevingston
554,1690,tshirt,kevingston
555,1290,tshirt,kevingston
556,1290,tshirt,kevingston
557,790,tshirt,kevingston
558,1990,tshirt,kevingston
559,1790,tshirt,kevingston
560,1290,tshirt,kevingston
561,1290,tshirt,kevingston
562,1290,tshirt,kevingston
563,1290,tshirt,kevingston
564,990,tshirt,kevingston
565,890,tshirt,kevingston
566,1790,tshirt,kevingston
567,990,tshirt,kevingston
568,2090,tshirt,kevingston
569,1290,tshirt,kevingston
570,1290,tshirt,kevingston
571,2090,tshirt,kevingston
572,2090,tshirt,kevingston
573,1990,tshirt,kevingston
574,990,tshirt,kevingston
575,1090,tshirt,kevingston
576,1090,tshirt,kevingston
577,990,tshirt,kevingston
578,1090,tshirt,kevingston
579,1290,tshirt,kevingston
580,1290,tshirt,kevingston
581,1290,tshirt,kevingston
582,1290,tshirt,kevingston
583,1290,tshirt,kevingston
584,2690,pant,kevingston
585,2790,pant,kevingston
586,2390,pant,kevingston
587,2690,pant,kevingston
588,2790,pant,kevingston
589,2690,pant,kevingston
590,2790,pant,kevingston
591,1690,pant,kevingston
592,2690,pant,kevingston
593,2690,pant,kevingston
594,2690,pant,kevingston
595,2690,pant,kevingston
596,2790,pant,kevingston
597,2890,pant,kevingston
598,1890,pant,kevingston
599,1890,pant,kevingston
600,2690,pant,kevingston
601,2690,pant,kevingston
602,2690,pant,kevingston
603,1890,pant,kevingston
604,1590,pant,kevingston
605,2690,pant,kevingston
606,2690,pant,kevingston
607,1890,pant,kevingston
608,2990,pant,kevingston
609,1990,pant,kevingston
610,2790,pant,kevingston
611,1990,pant,kevingston
612,2990,pant,kevingston
613,2790,pant,kevingston
614,2790,pant,kevingston
615,4890,jacket,kevingston
616,4890,jacket,kevingston
617,3290,jacket,kevingston
618,3790,jacket,kevingston
619,2690,jacket,kevingston
620,4990,jacket,kevingston
621,2690,jacket,kevingston
622,3890,jacket,kevingston
623,4690,jacket,kevingston
624,2690,jacket,kevingston
625,4690,jacket,kevingston
626,2590,jacket,kevingston
627,2590,jacket,kevingston
628,2890,jacket,kevingston
629,2190,jacket,kevingston
630,2090,jacket,kevingston
631,2190,jacket,kevingston
632,2990,jacket,kevingston
633,2590,jacket,kevingston
634,2590,jacket,kevingston
635,2190,jacket,kevingston
636,2190,jacket,kevingston
637,2890,jacket,kevingston
638,2090,jacket,kevingston
639,2090,jacket,kevingston
640,2990,jacket,kevingston
641,890,boxer,kevingston
642,890,boxer,kevingston
643,790,boxer,kevingston
644,890,boxer,kevingston
645,890,boxer,kevingston
646,890,boxer,kevingston
647,890,boxer,kevingston
648,890,boxer,kevingston
649,890,boxer,kevingston
650,890,boxer,kevingston
651,890,boxer,kevingston
652,890,boxer,kevingston
653,890,boxer,kevingston
654,890,boxer,kevingston
655,890,boxer,kevingston
656,650,boxer,kevingston
657,890,boxer,kevingston
658,890,boxer,kevingston
659,890,boxer,kevingston
660,650,boxer,kevingston
661,450,boxer,kevingston
662,450,boxer,kevingston
663,890,boxer,kevingston
664,650,boxer,kevingston
665,450,boxer,kevingston
666,450,boxer,kevingston
667,450,boxer,kevingston
668,450,boxer,kevingston
669,450,boxer,kevingston
670,450,boxer,kevingston
671,450,boxer,kevingston
672,890,boxer,kevingston
673,890,boxer,kevingston
674,890,boxer,kevingston
675,890,boxer,kevingston
676,2400,boxer,kevingston
677,890,boxer,kevingston
678,890,boxer,kevingston
679,890,boxer,kevingston
680,890,boxer,kevingston
681,890,boxer,kevingston
682,890,boxer,kevingston
683,890,boxer,kevingston
684,650,boxer,kevingston
685,890,boxer,kevingston
686,890,boxer,kevingston
687,650,boxer,kevingston
688,650,boxer,kevingston
689,890,boxer,kevingston
690,890,boxer,kevingston
691,890,boxer,kevingston
692,890,boxer,kevingston
693,890,boxer,kevingston
694,890,boxer,kevingston
695,890,boxer,kevingston
696,1790,sweater,kevingston
697,2490,sweater,kevingston
698,2390,sweater,kevingston
699,2590,sweater,kevingston
700,2590,sweater,kevingston
701,2590,sweater,kevingston
702,1890,sweater,kevingston
703,1990,sweater,kevingston
704,2590,sweater,kevingston
705,2790,sweater,kevingston
706,2590,sweater,kevingston
707,1790,sweater,kevingston
708,1890,sweater,kevingston
709,1890,sweater,kevingston
710,2290,shirt,kevingston
711,2290,shirt,kevingston
712,2290,shirt,kevingston
713,2190,shirt,kevingston
714,2290,shirt,kevingston
715,2290,shirt,kevingston
716,2290,shirt,kevingston
717,2290,shirt,kevingston
718,2290,shirt,kevingston
719,2290,shirt,kevingston
720,2290,shirt,kevingston
721,2290,shirt,kevingston
722,2290,shirt,kevingston
723,2290,shirt,kevingston
724,490,shirt,kevingston
725,2290,shirt,kevingston
726,2290,shirt,kevingston
727,2290,shirt,kevingston
728,2290,shirt,kevingston
729,2290,shirt,kevingston
730,2290,shirt,kevingston
731,2290,shirt,kevingston
732,2290,shirt,kevingston
733,2290,shirt,kevingston
734,2290,shirt,kevingston
735,2290,shirt,kevingston
736,2290,shirt,kevingston
737,2290,shirt,kevingston
738,2290,shirt,kevingston
739,2290,shirt,kevingston
740,2290,shirt,kevingston
741,2290,shirt,kevingston
742,2290,shirt,kevingston
743,2290,shirt,kevingston
744,2290,shirt,kevingston
745,2290,shirt,kevingston
746,2290,shirt,kevingston
747,2290,shirt,kevingston
748,1490,short,kevingston
749,1490,short,kevingston
750,1490,short,kevingston
751,1790,short,kevingston
752,1790,short,kevingston
753,1790,short,kevingston
754,1790,short,kevingston
755,1790,short,kevingston
756,1390,short,kevingston
757,1890,short,kevingston
758,1790,short,kevingston
759,1890,short,kevingston
760,1890,short,kevingston
761,2390,short,kevingston
762,2390,short,kevingston
763,1790,short,kevingston
764,1790,short,kevingston
765,1790,short,kevingston
766,1790,short,kevingston
767,1790,short,kevingston
768,1790,short,kevingston
769,1790,short,kevingston
770,1790,short,kevingston
771,1790,short,kevingston
772,1790,short,kevingston
773,1790,short,kevingston
774,1790,short,kevingston
775,1790,short,kevingston
776,1790,short,kevingston
777,1790,short,kevingston
778,1790,short,kevingston
779,1790,short,kevingston
780,2290,short,kevingston
781,790,tshirt,laisla
782,790,tshirt,laisla
783,790,tshirt,laisla
784,590,tshirt,laisla
785,790,tshirt,laisla
786,590,tshirt,laisla
787,990,tshirt,laisla
788,1590,tshirt,laisla
789,1590,tshirt,laisla
790,1390,tshirt,laisla
791,1390,tshirt,laisla
792,1190,tshirt,laisla
793,1190,tshirt,laisla
794,1190,tshirt,laisla
795,1490,tshirt,laisla
796,990,tshirt,laisla
797,1490,tshirt,laisla
798,1490,tshirt,laisla
799,1890,tshirt,laisla
800,1490,tshirt,laisla
801,1290,tshirt,laisla
802,1490,tshirt,laisla
803,1390,tshirt,laisla
804,1390,tshirt,laisla
805,1390,tshirt,laisla
806,1290,tshirt,laisla
807,1290,tshirt,laisla
808,1290,tshirt,laisla
809,1190,tshirt,laisla
810,1190,tshirt,laisla
811,990,tshirt,laisla
812,990,tshirt,laisla
813,1390,tshirt,laisla
814,1290,tshirt,laisla
815,1290,tshirt,laisla
816,990,tshirt,laisla
817,1290,tshirt,laisla
818,1390,tshirt,laisla
819,1290,tshirt,laisla
820,1190,tshirt,laisla
821,1290,tshirt,laisla
822,1190,tshirt,laisla
823,1190,tshirt,laisla
824,1390,tshirt,laisla
825,1390,tshirt,laisla
826,990,tshirt,laisla
827,1290,tshirt,laisla
828,990,tshirt,laisla
829,1190,tshirt,laisla
830,990,tshirt,laisla
831,990,tshirt,laisla
832,690,tshirt,laisla
833,1190,tshirt,laisla
834,890,tshirt,laisla
835,790,tshirt,laisla
836,1190,tshirt,laisla
837,1290,tshirt,laisla
838,1290,tshirt,laisla
839,1290,tshirt,laisla
840,1190,tshirt,laisla
841,1190,tshirt,laisla
842,1190,tshirt,laisla
843,1190,tshirt,laisla
844,1390,tshirt,laisla
845,1390,tshirt,laisla
846,1290,tshirt,laisla
847,1190,tshirt,laisla
848,1390,tshirt,laisla
849,1690,tshirt,laisla
850,1390,tshirt,laisla
851,1690,tshirt,laisla
852,1390,tshirt,laisla
853,1490,tshirt,laisla
854,1390,tshirt,laisla
855,890,tshirt,laisla
856,990,tshirt,laisla
857,990,tshirt,laisla
858,890,tshirt,laisla
859,990,tshirt,laisla
860,1190,tshirt,laisla
861,1090,tshirt,laisla
862,990,pant,laisla
863,1790,pant,laisla
864,1690,pant,laisla
865,2190,pant,laisla
866,990,pant,laisla
867,2490,pant,laisla
868,3190,pant,laisla
869,2490,pant,laisla
870,2490,pant,laisla
871,690,pant,laisla
872,3290,pant,laisla
873,1290,pant,laisla
874,2490,pant,laisla
875,1890,pant,laisla
876,2190,pant,laisla
877,2390,pant,laisla
878,2390,pant,laisla
879,2390,pant,laisla
880,2390,pant,laisla
881,2390,pant,laisla
882,1290,pant,laisla
883,1190,pant,laisla
884,2490,pant,laisla
885,1990,pant,laisla
886,1990,pant,laisla
887,2990,pant,laisla
888,2490,pant,laisla
889,3190,pant,laisla
890,2890,pant,laisla
891,2990,pant,laisla
892,3390,pant,laisla
893,3290,pant,laisla
894,2790,pant,laisla
895,2390,pant,laisla
896,1890,pant,laisla
897,2490,pant,laisla
898,2990,jacket,laisla
899,2490,jacket,laisla
900,3990,jacket,laisla
901,4290,jacket,laisla
902,1490,jacket,laisla
903,2690,jacket,laisla
904,5290,jacket,laisla
905,990,jacket,laisla
906,2190,jacket,laisla
907,3490,jacket,laisla
908,3990,jacket,laisla
909,4790,jacket,laisla
910,3890,jacket,laisla
911,3490,jacket,laisla
912,4890,jacket,laisla
913,4290,jacket,laisla
914,2790,jacket,laisla
915,3490,jacket,laisla
916,4990,jacket,laisla
917,4990,jacket,laisla
918,4990,jacket,laisla
919,4990,jacket,laisla
920,3190,jacket,laisla
921,2690,jacket,laisla
922,2690,jacket,laisla
923,3990,jacket,laisla
924,3490,jacket,laisla
925,2790,jacket,laisla
926,2490,jacket,laisla
927,8990,jacket,laisla
928,5690,jacket,laisla
929,5290,jacket,laisla
930,4990,jacket,laisla
931,7490,jacket,laisla
932,3490,jacket,laisla
933,4790,jacket,laisla
934,1290,sweater,laisla
935,1790,sweater,laisla
936,1790,sweater,laisla
937,1390,sweater,laisla
938,1590,sweater,laisla
939,3290,sweater,laisla
940,5990,sweater,laisla
941,2990,sweater,laisla
942,2990,sweater,laisla
943,2390,sweater,laisla
944,2690,sweater,laisla
945,2190,sweater,laisla
946,3290,sweater,laisla
947,2790,sweater,laisla
948,2990,sweater,laisla
949,2390,sweater,laisla
950,4290,sweater,laisla
951,990,sweater,laisla
952,2490,sweater,laisla
953,2190,sweater,laisla
954,1990,sweater,laisla
955,2190,sweater,laisla
956,1990,sweater,laisla
957,1990,sweater,laisla
958,3490,sweater,laisla
959,1490,sweater,laisla
960,1490,sweater,laisla
961,2890,sweater,laisla
962,1890,sweater,laisla
963,2190,sweater,laisla
964,2290,sweater,laisla
965,3990,sweater,laisla
966,1990,sweater,laisla
967,1890,sweater,laisla
968,2590,sweater,laisla
969,3290,sweater,laisla
970,3290,sweater,laisla
971,2790,sweater,laisla
972,2990,sweater,laisla
973,2990,sweater,laisla
974,4290,sweater,laisla
975,4690,sweater,laisla
976,3290,sweater,laisla
977,4890,sweater,laisla
978,3190,sweater,laisla
979,2190,sweater,laisla
980,2690,sweater,laisla
981,4990,sweater,laisla
982,1850,shirt,laisla
983,1290,shirt,laisla
984,1790,shirt,laisla
985,2590,shirt,laisla
986,1490,shirt,laisla
987,1590,shirt,laisla
988,1290,shirt,laisla
989,990,shirt,laisla
990,990,shirt,laisla
991,990,shirt,laisla
992,2590,shirt,laisla
993,2290,shirt,laisla
994,1850,shirt,laisla
995,1850,shirt,laisla
996,1990,shirt,laisla
997,1850,shirt,laisla
998,1990,shirt,laisla
999,1990,shirt,laisla
1000,1990,shirt,laisla
1001,1990,shirt,laisla
1002,1990,shirt,laisla
1003,2090,shirt,laisla
1004,2090,shirt,laisla
1005,1990,shirt,laisla
1006,2090,shirt,laisla
1007,2090,shirt,laisla
1008,2890,shirt,laisla
1009,2390,shirt,laisla
1010,2590,shirt,laisla
1011,2990,shirt,laisla
1012,2990,shirt,laisla
1013,2990,shirt,laisla
1014,2590,shirt,laisla
1015,1590,shirt,laisla
1016,1590,short,laisla
1017,1590,short,laisla
1018,2190,short,laisla
1019,2290,short,laisla
1020,1990,short,laisla
1021,2190,short,laisla
1022,2890,short,laisla
1023,2690,short,laisla
1024,1690,short,laisla
1025,2590,short,laisla
1026,1890,short,laisla
1027,1890,short,laisla
1028,1890,short,laisla
1029,1890,short,laisla
1030,1890,short,laisla
1031,1890,short,laisla
1032,2790,short,laisla
1033,1490,short,laisla
1034,1790,short,laisla
1035,3890,short,laisla
1036,2990,short,laisla
1037,2890,short,laisla
1038,2890,short,laisla
1039,2890,short,laisla
1040,3190,short,laisla
1041,2490,short,laisla
1042,2890,short,laisla
1043,2690,short,laisla
1044,2390,short,laisla
1045,2490,short,laisla
1046,1590,short,laisla
1047,2090,short,laisla
1048,1790,short,laisla
1049,2490,short,laisla
1050,1990,short,laisla
1051,1890,short,laisla
1052,1390,short,laisla
1053,2490,short,laisla
1054,1390,short,laisla
1055,2590,short,laisla
1056,2490,short,laisla
1057,1990,short,laisla
1058,2090,short,laisla
1059,2490,short,laisla
1060,1990,short,laisla
1061,1890,short,laisla
1062,2690,short,laisla
1063,2690,short,laisla
1064,2590,short,laisla
1065,2590,short,laisla
1066,2590,short,laisla
1067,2590,short,laisla
1068,2590,short,laisla
1069,890,short,laisla
1070,890,short,laisla
1071,990,short,laisla
1072,1590,short,laisla
1073,990,short,laisla
1074,1590,short,laisla
1075,1490,short,laisla
1076,590,short,laisla
1077,1890,short,laisla
1078,1690,short,laisla
1079,1990,short,laisla
1080,1890,short,laisla
1081,990,short,laisla
1082,2590,short,laisla
1083,1890,short,laisla
1084,990,short,laisla
1085,1290,short,laisla
1086,1590,short,laisla
1087,2590,short,laisla
1088,990,short,laisla
1089,990,short,laisla
1090,890,short,laisla
1091,990,short,laisla
1092,890,short,laisla
1093,1390,short,laisla
1094,1790,short,laisla
1095,1490,short,laisla
1096,1590,short,laisla
1097,1590,short,laisla
1098,1590,short,laisla
1099,1590,short,laisla
1100,2190,short,laisla
1101,2190,short,laisla
1102,990,short,laisla
1103,1290,short,laisla
1104,1190,short,laisla
1105,1990,short,laisla
1106,2190,short,laisla
1107,1590,short,laisla
1108,1490,short,laisla
1109,2290,short,laisla
1110,1190,short,laisla
1111,1190,short,laisla
1112,1590,short,laisla
1113,1890,short,laisla
1114,1590,short,laisla
1115,1790,short,laisla
1116,990,short,laisla
1117,1990,short,laisla
1118,2390,short,laisla
1119,1490,short,laisla
1120,1190,short,laisla
1121,1390,short,laisla
1122,1190,short,laisla
1123,1390,short,laisla
1124,1190,short,laisla
1125,1890,short,laisla
1126,2490,short,laisla
1127,2690,short,laisla
1128,2490,short,laisla
1129,890,short,laisla
1130,2690,short,laisla
1131,690,short,laisla
1132,1590,short,laisla
1133,990,short,laisla
1134,1490,short,laisla
1135,1390,short,laisla
1136,1790,short,laisla
1137,174,tshirt,northsales
1138,225,tshirt,northsales
1139,389,tshirt,northsales
1140,260,tshirt,northsales
1141,242,tshirt,northsales
1142,499,tshirt,northsales
1143,203,tshirt,northsales
1144,179,tshirt,northsales
1145,329,tshirt,northsales
1146,320,tshirt,northsales
1147,209,tshirt,northsales
1148,135,tshirt,northsales
1149,349,tshirt,northsales
1150,315,tshirt,northsales
1151,690,tshirt,northsales
1152,2050,tshirt,northsales
1153,240,tshirt,northsales
1154,399,tshirt,northsales
1155,419,tshirt,northsales
1156,357,tshirt,northsales
1157,135,tshirt,northsales
1158,199,tshirt,northsales
1159,349,tshirt,northsales
1160,489,tshirt,northsales
1161,349,tshirt,northsales
1162,199,tshirt,northsales
1163,199,tshirt,northsales
1164,479,tshirt,northsales
1165,530,tshirt,northsales
1166,798,tshirt,northsales
1167,170,tshirt,northsales
1168,159,tshirt,northsales
1169,419,tshirt,northsales
1170,252,tshirt,northsales
1171,390,tshirt,northsales
1172,470,tshirt,northsales
1173,199,tshirt,northsales
1174,230,tshirt,northsales
1175,490,tshirt,northsales
1176,489,tshirt,northsales
1177,419,tshirt,northsales
1178,390,tshirt,northsales
1179,599,tshirt,northsales
1180,458,tshirt,northsales
1181,235,tshirt,northsales
1182,335,tshirt,northsales
1183,419,tshirt,northsales
1184,597,tshirt,northsales
1185,199,tshirt,northsales
1186,370,tshirt,northsales
1187,370,tshirt,northsales
1188,380,tshirt,northsales
1189,530,tshirt,northsales
1190,319,tshirt,northsales
1191,349,tshirt,northsales
1192,419,tshirt,northsales
1193,260,tshirt,northsales
1194,631,tshirt,northsales
1195,459,tshirt,northsales
1196,490,tshirt,northsales
1197,165,tshirt,northsales
1198,380,tshirt,northsales
1199,549,tshirt,northsales
1200,249,tshirt,northsales
1201,179,tshirt,northsales
1202,459,tshirt,northsales
1203,200,tshirt,northsales
1204,240,tshirt,northsales
1205,450,tshirt,northsales
1206,315,tshirt,northsales
1207,579,tshirt,northsales
1208,690,tshirt,northsales
1209,399,tshirt,northsales
1210,499,tshirt,northsales
1211,714,tshirt,northsales
1212,370,tshirt,northsales
1213,190,tshirt,northsales
1214,199,tshirt,northsales
1215,348,tshirt,northsales
1216,299,tshirt,northsales
1217,350,tshirt,northsales
1218,209,tshirt,northsales
1219,490,tshirt,northsales
1220,247,tshirt,northsales
1221,450,tshirt,northsales
1222,370,tshirt,northsales
1223,329,tshirt,northsales
1224,597,tshirt,northsales
1225,349,tshirt,northsales
1226,469,tshirt,northsales
1227,390,tshirt,northsales
1228,399,tshirt,northsales
1229,490,tshirt,northsales
1230,260,tshirt,northsales
1231,175,tshirt,northsales
1232,239,tshirt,northsales
1233,699,pant,northsales
1234,790,pant,northsales
1235,1390,pant,northsales
1236,1190,pant,northsales
1237,790,pant,northsales
1238,1000,pant,northsales
1239,900,pant,northsales
1240,1200,pant,northsales
1241,949,pant,northsales
1242,1190,pant,northsales
1243,850,pant,northsales
1244,1150,pant,northsales
1245,890,pant,northsales
1246,1990,pant,northsales
1247,1990,pant,northsales
1248,515,pant,northsales
1249,590,pant,northsales
1250,1790,pant,northsales
1251,790,pant,northsales
1252,690,pant,northsales
1253,1890,pant,northsales
1254,720,pant,northsales
1255,1200,pant,northsales
1256,1290,pant,northsales
1257,590,pant,northsales
1258,1190,pant,northsales
1259,690,pant,northsales
1260,1990,pant,northsales
1261,850,pant,northsales
1262,1200,pant,northsales
1263,1390,pant,northsales
1264,1990,pant,northsales
1265,1550,pant,northsales
1266,990,pant,northsales
1267,1190,pant,northsales
1268,1890,pant,northsales
1269,690,pant,northsales
1270,550,pant,northsales
1271,1150,pant,northsales
1272,320,pant,northsales
1273,1600,pant,northsales
1274,990,pant,northsales
1275,690,pant,northsales
1276,3790,pant,northsales
1277,690,pant,northsales
1278,1100,pant,northsales
1279,650,pant,northsales
1280,3980,pant,northsales
1281,3990,jacket,northsales
1282,1790,jacket,northsales
1283,2190,jacket,northsales
1284,2890,jacket,northsales
1285,2490,jacket,northsales
1286,1990,jacket,northsales
1287,400,sweater,northsales
1288,709,sweater,northsales
1289,945,sweater,northsales
1290,1890,sweater,northsales
1291,1690,sweater,northsales
1292,1990,sweater,northsales
1293,1690,sweater,northsales
1294,690,shirt,northsales
1295,414,shirt,northsales
1296,1390,shirt,northsales
1297,276,short,northsales
1298,1890,short,northsales
1299,1890,short,northsales
1300,990,short,northsales
1301,990,short,northsales
1302,990,short,northsales
1303,1290,tshirt,cat
1304,1290,tshirt,cat
1305,1290,tshirt,cat
1306,2390,pant,cat
1307,2390,pant,cat
1308,3290,pant,cat
1309,3490,pant,cat
1310,2390,pant,cat
1311,2390,pant,cat
1312,2790,pant,cat
1313,3290,pant,cat
1314,2390,pant,cat
1315,2390,pant,cat
1316,3290,pant,cat
1317,3790,jacket,cat
1318,2290,shirt,cat
1319,1790,shirt,cat
1320,2290,shirt,cat
1321,1990,tshirt,columbia
1322,2990,tshirt,columbia
1323,2990,tshirt,columbia
1324,1490,tshirt,columbia
1325,2990,tshirt,columbia
1326,2690,tshirt,columbia
1327,2990,tshirt,columbia
1328,1890,tshirt,columbia
1329,1990,tshirt,columbia
1330,2990,tshirt,columbia
1331,1990,tshirt,columbia
1332,1890,tshirt,columbia
1333,9890,tshirt,columbia
1334,2990,pant,columbia
1335,2990,pant,columbia
1336,2990,pant,columbia
1337,3290,pant,columbia
1338,2990,pant,columbia
1339,2290,pant,columbia
1340,3290,pant,columbia
1341,3290,pant,columbia
1342,2990,pant,columbia
1343,2990,pant,columbia
1344,3290,pant,columbia
1345,3290,pant,columbia
1346,3990,pant,columbia
1347,4990,jacket,columbia
1348,4290,jacket,columbia
1349,3990,jacket,columbia
1350,8990,jacket,columbia
1351,5290,jacket,columbia
1352,4990,jacket,columbia
1353,6990,jacket,columbia
1354,4990,jacket,columbia
1355,7990,jacket,columbia
1356,8990,jacket,columbia
1357,6990,jacket,columbia
1358,7990,jacket,columbia
1359,3990,jacket,columbia
1360,8990,jacket,columbia
1361,9990,jacket,columbia
1362,8990,jacket,columbia
1363,8990,jacket,columbia
1364,10990,jacket,columbia
1365,3990,jacket,columbia
1366,3990,jacket,columbia
1367,2990,jacket,columbia
1368,6990,jacket,columbia
1369,7990,jacket,columbia
1370,7990,jacket,columbia
1371,8990,jacket,columbia
1372,10990,jacket,columbia
1373,6990,jacket,columbia
1374,4690,sweater,columbia
1375,3990,sweater,columbia
1376,5990,sweater,columbia
1377,2990,sweater,columbia
1378,3290,sweater,columbia
1379,4990,sweater,columbia
1380,3490,sweater,columbia
1381,3290,sweater,columbia
1382,3290,sweater,columbia
1383,1590,sweater,columbia
1384,3290,sweater,columbia
1385,4990,sweater,columbia
1386,3290,sweater,columbia
1387,4490,sweater,columbia
1388,4990,sweater,columbia
1389,4490,sweater,columbia
1390,2590,sweater,columbia
1391,2590,sweater,columbia
1392,2590,sweater,columbia
1393,2590,sweater,columbia
1394,3990,sweater,columbia
1395,3990,sweater,columbia
1396,2590,sweater,columbia
1397,2590,sweater,columbia
1398,2590,sweater,columbia
1399,2590,sweater,columbia
1400,2690,shirt,columbia
1401,2990,shirt,columbia
1402,2490,shirt,columbia
1403,2490,shirt,columbia
1404,2990,shirt,columbia
1405,4490,shirt,columbia
1406,2990,shirt,columbia
1407,2990,shirt,columbia
1408,4490,shirt,columbia
1409,2690,shirt,columbia
1410,2290,shirt,columbia
1411,2190,shirt,columbia
1412,2290,shirt,columbia
1413,3690,shirt,columbia
1414,4690,shirt,columbia
1415,2690,shirt,columbia
1416,2690,shirt,columbia
1417,3690,shirt,columbia
1418,2590,short,columbia
1419,2590,short,columbia
1420,3290,short,columbia
1421,2590,short,columbia
1422,2490,short,columbia
1423,2590,short,columbia
1424,2990,short,columbia
1425,690,tshirt,jackjones
1426,490,tshirt,jackjones
1427,399,tshirt,jackjones
1428,490,tshirt,jackjones
1429,490,tshirt,jackjones
1430,199,tshirt,jackjones
1431,199,tshirt,jackjones
1432,499,tshirt,jackjones
1433,699,tshirt,jackjones
1434,599,tshirt,jackjones
1435,599,tshirt,jackjones
1436,699,tshirt,jackjones
1437,599,tshirt,jackjones
1438,399,tshirt,jackjones
1439,399,tshirt,jackjones
1440,499,tshirt,jackjones
1441,999,tshirt,jackjones
1442,599,tshirt,jackjones
1443,499,tshirt,jackjones
1444,999,tshirt,jackjones
1445,899,tshirt,jackjones
1446,799,tshirt,jackjones
1447,599,tshirt,jackjones
1448,399,tshirt,jackjones
1449,699,tshirt,jackjones
1450,699,tshirt,jackjones
1451,499,tshirt,jackjones
1452,199,tshirt,jackjones
1453,299,tshirt,jackjones
1454,999,tshirt,jackjones
1455,599,tshirt,jackjones
1456,99,tshirt,jackjones
1457,499,tshirt,jackjones
1458,699,tshirt,jackjones
1459,299,tshirt,jackjones
1460,899,tshirt,jackjones
1461,699,pant,jackjones
1462,790,pant,jackjones
1463,1390,pant,jackjones
1464,1190,pant,jackjones
1465,790,pant,jackjones
1466,1000,pant,jackjones
1467,900,pant,jackjones
1468,1200,pant,jackjones
1469,949,pant,jackjones
1470,1190,pant,jackjones
1471,850,pant,jackjones
1472,1150,pant,jackjones
1473,890,pant,jackjones
1474,1990,pant,jackjones
1475,1990,pant,jackjones
1476,515,pant,jackjones
1477,590,pant,jackjones
1478,1790,pant,jackjones
1479,790,pant,jackjones
1480,690,pant,jackjones
1481,1890,pant,jackjones
1482,720,pant,jackjones
1483,1200,pant,jackjones
1484,1290,pant,jackjones
1485,590,pant,jackjones
1486,1190,pant,jackjones
1487,690,pant,jackjones
1488,1990,pant,jackjones
1489,850,pant,jackjones
1490,1200,pant,jackjones
1491,1390,pant,jackjones
1492,1990,pant,jackjones
1493,1550,pant,jackjones
1494,990,pant,jackjones
1495,1190,pant,jackjones
1496,1890,pant,jackjones
1497,690,pant,jackjones
1498,550,pant,jackjones
1499,1150,pant,jackjones
1500,320,pant,jackjones
1501,1600,pant,jackjones
1502,990,pant,jackjones
1503,690,pant,jackjones
1504,3790,pant,jackjones
1505,690,pant,jackjones
1506,1100,pant,jackjones
1507,650,pant,jackjones
1508,3980,pant,jackjones
1509,1499,pant,jackjones
1510,699,pant,jackjones
1511,1999,pant,jackjones
1512,799,pant,jackjones
1513,999,pant,jackjones
1514,1799,pant,jackjones
1515,399,pant,jackjones
1516,2299,pant,jackjones
1517,1999,pant,jackjones
1518,399,pant,jackjones
1519,399,pant,jackjones
1520,1790,pant,jackjones
1521,2299,pant,jackjones
1522,499,pant,jackjones
1523,499,pant,jackjones
1524,399,pant,jackjones
1525,499,pant,jackjones
1526,1799,pant,jackjones
1527,1799,pant,jackjones
1528,499,pant,jackjones
1529,499,pant,jackjones
1530,399,pant,jackjones
1531,2299,jacket,jackjones
1532,1990,jacket,jackjones
1533,2299,jacket,jackjones
1534,1499,jacket,jackjones
1535,1499,jacket,jackjones
1536,1999,jacket,jackjones
1537,2499,jacket,jackjones
1538,1999,jacket,jackjones
1539,899,jacket,jackjones
1540,1999,jacket,jackjones
1541,1999,jacket,jackjones
1542,1999,jacket,jackjones
1543,1999,jacket,jackjones
1544,1699,jacket,jackjones
1545,2299,jacket,jackjones
1546,2499,jacket,jackjones
1547,699,jacket,jackjones
1548,1999,jacket,jackjones
1549,1999,jacket,jackjones
1550,1299,jacket,jackjones
1551,1299,jacket,jackjones
1552,1799,jacket,jackjones
1553,1499,jacket,jackjones
1554,1999,jacket,jackjones
1555,1499,jacket,jackjones
1556,1499,jacket,jackjones
1557,799,boxer,jackjones
1558,599,boxer,jackjones
1559,499,boxer,jackjones
1560,799,boxer,jackjones
1561,499,boxer,jackjones
1562,799,boxer,jackjones
1563,499,boxer,jackjones
1564,99,boxer,jackjones
1565,299,boxer,jackjones
1566,199,boxer,jackjones
1567,999,boxer,jackjones
1568,990,sweater,jackjones
1569,990,sweater,jackjones
1570,690,sweater,jackjones
1571,1290,sweater,jackjones
1572,1799,sweater,jackjones
1573,999,sweater,jackjones
1574,1499,sweater,jackjones
1575,1099,sweater,jackjones
1576,999,sweater,jackjones
1577,1099,sweater,jackjones
1578,699,sweater,jackjones
1579,899,sweater,jackjones
1580,1499,sweater,jackjones
1581,1299,sweater,jackjones
1582,999,sweater,jackjones
1583,1299,sweater,jackjones
1584,499,shirt,jackjones
1585,799,shirt,jackjones
1586,1999,shirt,jackjones
1587,990,shirt,jackjones
1588,1999,shirt,jackjones
1589,799,shirt,jackjones
1590,499,shirt,jackjones
1591,1499,shirt,jackjones
1592,1699,shirt,jackjones
1593,599,shirt,jackjones
1594,699,shirt,jackjones
1595,999,shirt,jackjones
1596,1299,shirt,jackjones
1597,499,shirt,jackjones
1598,1299,shirt,jackjones
1599,1299,shirt,jackjones
1600,599,shirt,jackjones
1601,1699,shirt,jackjones
1602,1299,shirt,jackjones
1603,1299,shirt,jackjones
1604,1299,shirt,jackjones
1605,1799,shirt,jackjones
1606,499,shirt,jackjones
1607,899,shirt,jackjones
1608,699,shirt,jackjones
1609,699,shirt,jackjones
1610,499,shirt,jackjones
1611,499,shirt,jackjones
1612,399,shirt,jackjones
1613,1499,shirt,jackjones
1614,399,shirt,jackjones
1615,1499,shirt,jackjones
1616,399,shirt,jackjones
1617,399,shirt,jackjones
1618,599,shirt,jackjones
1619,399,shirt,jackjones
1620,399,shirt,jackjones
1621,599,tshirt,jeanvernier
1622,599,tshirt,jeanvernier
1623,599,tshirt,jeanvernier
1624,699,tshirt,jeanvernier
1625,699,tshirt,jeanvernier
1626,499,tshirt,jeanvernier
1627,699,tshirt,jeanvernier
1628,699,tshirt,jeanvernier
1629,799,tshirt,jeanvernier
1630,599,tshirt,jeanvernier
1631,799,tshirt,jeanvernier
1632,599,tshirt,jeanvernier
1633,499,tshirt,jeanvernier
1634,599,tshirt,jeanvernier
1635,599,tshirt,jeanvernier
1636,599,tshirt,jeanvernier
1637,599,tshirt,jeanvernier
1638,599,tshirt,jeanvernier
1639,699,tshirt,jeanvernier
1640,699,tshirt,jeanvernier
1641,699,tshirt,jeanvernier
1642,799,tshirt,jeanvernier
1643,799,tshirt,jeanvernier
1644,699,tshirt,jeanvernier
1645,699,tshirt,jeanvernier
1646,799,tshirt,jeanvernier
1647,799,tshirt,jeanvernier
1648,499,tshirt,jeanvernier
1649,699,tshirt,jeanvernier
1650,699,tshirt,jeanvernier
1651,999,tshirt,jeanvernier
1652,899,tshirt,jeanvernier
1653,499,tshirt,jeanvernier
1654,499,tshirt,jeanvernier
1655,599,tshirt,jeanvernier
1656,799,tshirt,jeanvernier
1657,1199,pant,jeanvernier
1658,1499,pant,jeanvernier
1659,1699,pant,jeanvernier
1660,1299,pant,jeanvernier
1661,1199,pant,jeanvernier
1662,1199,pant,jeanvernier
1663,1199,pant,jeanvernier
1664,1199,pant,jeanvernier
1665,1699,pant,jeanvernier
1666,1699,pant,jeanvernier
1667,1499,pant,jeanvernier
1668,999,pant,jeanvernier
1669,1199,pant,jeanvernier
1670,1699,pant,jeanvernier
1671,1699,pant,jeanvernier
1672,1699,pant,jeanvernier
1673,1699,pant,jeanvernier
1674,1699,pant,jeanvernier
1675,1299,pant,jeanvernier
1676,899,pant,jeanvernier
1677,1699,pant,jeanvernier
1678,1699,pant,jeanvernier
1679,1699,pant,jeanvernier
1680,1699,pant,jeanvernier
1681,1299,pant,jeanvernier
1682,1699,pant,jeanvernier
1683,1499,pant,jeanvernier
1684,1699,pant,jeanvernier
1685,1699,pant,jeanvernier
1686,1699,pant,jeanvernier
1687,1699,pant,jeanvernier
1688,1699,pant,jeanvernier
1689,1299,pant,jeanvernier
1690,1299,pant,jeanvernier
1691,1499,pant,jeanvernier
1692,1199,pant,jeanvernier
1693,1699,jacket,jeanvernier
1694,3699,jacket,jeanvernier
1695,2999,jacket,jeanvernier
1696,2899,jacket,jeanvernier
1697,2499,jacket,jeanvernier
1698,2499,jacket,jeanvernier
1699,3299,jacket,jeanvernier
1700,2299,jacket,jeanvernier
1701,3299,jacket,jeanvernier
1702,1699,jacket,jeanvernier
1703,2499,jacket,jeanvernier
1704,3699,jacket,jeanvernier
1705,1999,jacket,jeanvernier
1706,1999,jacket,jeanvernier
1707,2499,jacket,jeanvernier
1708,2499,jacket,jeanvernier
1709,1999,jacket,jeanvernier
1710,1699,jacket,jeanvernier
1711,1699,jacket,jeanvernier
1712,1999,jacket,jeanvernier
1713,2899,jacket,jeanvernier
1714,3899,jacket,jeanvernier
1715,1999,jacket,jeanvernier
1716,1799,jacket,jeanvernier
1717,2299,jacket,jeanvernier
1718,1899,jacket,jeanvernier
1719,2899,jacket,jeanvernier
1720,2499,jacket,jeanvernier
1721,1199,sweater,jeanvernier
1722,1199,sweater,jeanvernier
1723,1199,sweater,jeanvernier
1724,999,sweater,jeanvernier
1725,1299,sweater,jeanvernier
1726,1299,sweater,jeanvernier
1727,1499,sweater,jeanvernier
1728,1499,sweater,jeanvernier
1729,1499,sweater,jeanvernier
1730,1399,sweater,jeanvernier
1731,1250,sweater,jeanvernier
1732,1999,sweater,jeanvernier
1733,1999,sweater,jeanvernier
1734,1499,sweater,jeanvernier
1735,1499,sweater,jeanvernier
1736,1499,sweater,jeanvernier
1737,1399,sweater,jeanvernier
1738,3799,sweater,jeanvernier
1739,3799,sweater,jeanvernier
1740,3499,sweater,jeanvernier
1741,3799,sweater,jeanvernier
1742,3999,sweater,jeanvernier
1743,3999,sweater,jeanvernier
1744,1199,sweater,jeanvernier
1745,1699,sweater,jeanvernier
1746,1599,sweater,jeanvernier
1747,1199,sweater,jeanvernier
1748,1199,sweater,jeanvernier
1749,1299,sweater,jeanvernier
1750,799,shirt,jeanvernier
1751,999,shirt,jeanvernier
1752,799,shirt,jeanvernier
1753,999,shirt,jeanvernier
1754,499,shirt,jeanvernier
1755,499,shirt,jeanvernier
1756,999,shirt,jeanvernier
1757,799,shirt,jeanvernier
1758,699,shirt,jeanvernier
1759,454,shirt,jeanvernier
1760,799,shirt,jeanvernier
1761,799,shirt,jeanvernier
1762,899,shirt,jeanvernier
1763,799,shirt,jeanvernier
1764,799,shirt,jeanvernier
1765,1199,shirt,jeanvernier
1766,899,shirt,jeanvernier
1767,899,shirt,jeanvernier
1768,999,shirt,jeanvernier
1769,899,shirt,jeanvernier
1770,899,shirt,jeanvernier
1771,899,shirt,jeanvernier
1772,899,shirt,jeanvernier
1773,1199,shirt,jeanvernier
1774,1299,shirt,jeanvernier
1775,1199,shirt,jeanvernier
1776,999,shirt,jeanvernier
1777,999,shirt,jeanvernier
1778,799,shirt,jeanvernier
1779,1299,shirt,jeanvernier
1780,999,shirt,jeanvernier
1781,999,shirt,jeanvernier
1782,999,shirt,jeanvernier
1783,899,shirt,jeanvernier
1784,999,shirt,jeanvernier
1785,799,shirt,jeanvernier
1786,1299,shirt,jeanvernier
1787,999,shirt,jeanvernier
1788,999,shirt,jeanvernier
1789,899,shirt,jeanvernier
1790,899,shirt,jeanvernier
1791,999,shirt,jeanvernier
1792,799,shirt,jeanvernier
1793,1299,shirt,jeanvernier
1794,799,shirt,jeanvernier
1795,799,shirt,jeanvernier
1796,799,shirt,jeanvernier
1797,799,shirt,jeanvernier
1798,799,shirt,jeanvernier
1799,1299,shirt,jeanvernier
1800,1199,shirt,jeanvernier
1801,999,shirt,jeanvernier
1802,999,shirt,jeanvernier
1803,999,shirt,jeanvernier
1804,899,shirt,jeanvernier
1805,799,shirt,jeanvernier
1806,799,shirt,jeanvernier
1807,799,shirt,jeanvernier
1808,799,shirt,jeanvernier
1809,699,shirt,jeanvernier
1810,799,shirt,jeanvernier
1811,999,shirt,jeanvernier
1812,999,shirt,jeanvernier
1813,1199,shirt,jeanvernier
1814,1299,shirt,jeanvernier
1815,1199,shirt,jeanvernier
1816,499,short,jeanvernier
1817,599,short,jeanvernier
1818,999,short,jeanvernier
1819,1199,short,jeanvernier
1820,1199,short,jeanvernier
1821,499,short,jeanvernier
1822,799,short,jeanvernier
1823,799,short,jeanvernier
1824,799,short,jeanvernier
1825,799,short,jeanvernier
1826,799,short,jeanvernier
1827,799,short,jeanvernier
1828,799,short,jeanvernier
1829,1199,short,jeanvernier
1830,1299,short,jeanvernier
1831,1199,short,jeanvernier
1832,1199,short,jeanvernier
1833,1199,short,jeanvernier
1834,899,short,jeanvernier
1835,899,short,jeanvernier
1836,899,short,jeanvernier
1837,1299,short,jeanvernier
1838,1299,short,jeanvernier
1839,899,short,jeanvernier
1840,799,short,jeanvernier
1841,1199,short,jeanvernier
1842,1299,short,jeanvernier
1843,990,tshirt,pampero
1844,1250,tshirt,pampero
1845,790,tshirt,pampero
1846,1250,tshirt,pampero
1847,990,tshirt,pampero
1848,730,tshirt,pampero
1849,1250,tshirt,pampero
1850,530,tshirt,pampero
1851,1990,pant,pampero
1852,1390,pant,pampero
1853,2350,pant,pampero
1854,1530,pant,pampero
1855,1000,pant,pampero
1856,1720,pant,pampero
1857,1630,pant,pampero
1858,2150,pant,pampero
1859,1590,pant,pampero
1860,2050,pant,pampero
1861,1530,pant,pampero
1862,2190,pant,pampero
1863,2350,pant,pampero
1864,1990,jacket,pampero
1865,1500,jacket,pampero
1866,1990,jacket,pampero
1867,2590,jacket,pampero
1868,1390,jacket,pampero
1869,2890,jacket,pampero
1870,2790,jacket,pampero
1871,2920,jacket,pampero
1872,3590,jacket,pampero
1873,1670,sweater,pampero
1874,1670,sweater,pampero
1875,2250,sweater,pampero
1876,2650,shirt,pampero
1877,1950,shirt,pampero
1878,900,shirt,pampero
1879,900,shirt,pampero
1880,1890,shirt,pampero
1881,700,shirt,pampero
1882,900,shirt,pampero
1883,1890,shirt,pampero
1884,1350,shirt,pampero
1885,1032,shirt,pampero
1886,1890,shirt,pampero
1887,903,shirt,pampero
1888,2750,shirt,pampero
1889,1251,short,pampero
1890,1790,short,pampero
1891,1215,short,pampero
1892,1112,short,pampero
1893,1750,short,pampero
1894,1790,short,pampero
1895,1520,short,pampero
1896,1050,short,pampero
1897,1090,tshirt,rockford
1898,712,tshirt,rockford
1899,952,tshirt,rockford
1900,2990,tshirt,rockford
1901,2990,tshirt,rockford
1902,2990,tshirt,rockford
1903,2990,tshirt,rockford
1904,2990,tshirt,rockford
1905,2490,tshirt,rockford
1906,1032,pant,rockford
1907,1032,pant,rockford
1908,1032,pant,rockford
1909,1032,pant,rockford
1910,3990,pant,rockford
1911,3290,pant,rockford
1912,1032,pant,rockford
1913,2990,pant,rockford
1914,3290,pant,rockford
1915,3990,pant,rockford
1916,2990,pant,rockford
1917,2290,jacket,rockford
1918,2890,jacket,rockford
1919,2990,jacket,rockford
1920,2312,jacket,rockford
1921,1352,sweater,rockford
1922,5490,sweater,rockford
1923,5490,sweater,rockford
1924,3990,sweater,rockford
1925,3990,sweater,rockford
1926,2392,shirt,rockford
1927,792,shirt,rockford
1928,2392,shirt,rockford
1929,2392,shirt,rockford
1930,1032,shirt,rockford
1931,2392,shirt,rockford
1932,3290,shirt,rockford
1933,3690,shirt,rockford
1934,3290,shirt,rockford
1935,3290,shirt,rockford
1936,3290,shirt,rockford
1937,3290,shirt,rockford
1938,3290,shirt,rockford
1939,3290,shirt,rockford
1940,3690,shirt,rockford
1941,1032,shirt,rockford
1942,990,short,rockford
1943,1690,short,rockford
1944,792,short,rockford
1945,792,short,rockford
1946,1032,short,rockford
1947,1032,short,rockford
1948,549,tshirt,hering
1949,349,tshirt,hering
1950,499,tshirt,hering
1951,399,tshirt,hering
1952,499,tshirt,hering
1953,399,tshirt,hering
1954,499,tshirt,hering
1955,299,tshirt,hering
1956,449,tshirt,hering
1957,299,tshirt,hering
1958,499,tshirt,hering
1959,449,tshirt,hering
1960,599,tshirt,hering
1961,339,tshirt,hering
1962,249,tshirt,hering
1963,699,tshirt,hering
1964,349,tshirt,hering
1965,399,tshirt,hering
1966,349,tshirt,hering
1967,399,tshirt,hering
1968,599,tshirt,hering
1969,349,tshirt,hering
1970,389,tshirt,hering
1971,199,tshirt,hering
1972,499,tshirt,hering
1973,699,tshirt,hering
1974,299,tshirt,hering
1975,199,tshirt,hering
1976,699,tshirt,hering
1977,190,tshirt,hering
1978,699,tshirt,hering
1979,599,tshirt,hering
1980,552,tshirt,hering
1981,199,tshirt,hering
1982,699,tshirt,hering
1983,399,tshirt,hering
1984,349,tshirt,hering
1985,279,tshirt,hering
1986,297,tshirt,hering
1987,399,tshirt,hering
1988,499,tshirt,hering
1989,329,tshirt,hering
1990,499,tshirt,hering
1991,499,tshirt,hering
1992,249,tshirt,hering
1993,899,tshirt,hering
1994,299,tshirt,hering
1995,279,tshirt,hering
1996,799,pant,hering
1997,799,pant,hering
1998,799,pant,hering
1999,599,pant,hering
2000,1299,pant,hering
2001,1299,pant,hering
2002,1099,pant,hering
2003,1099,pant,hering
2004,1799,pant,hering
2005,499,pant,hering
2006,1099,pant,hering
2007,799,pant,hering
2008,1299,pant,hering
2009,1299,pant,hering
2010,1299,pant,hering
2011,499,pant,hering
2012,1799,pant,hering
2013,999,pant,hering
2014,799,pant,hering
2015,1299,pant,hering
2016,599,pant,hering
2017,799,pant,hering
2018,599,pant,hering
2019,1099,pant,hering
2020,699,pant,hering
2021,1499,pant,hering
2022,799,pant,hering
2023,1099,pant,hering
2024,799,jacket,hering
2025,1299,jacket,hering
2026,599,jacket,hering
2027,1499,jacket,hering
2028,799,jacket,hering
2029,1099,jacket,hering
2030,799,boxer,hering
2031,499,boxer,hering
2032,899,boxer,hering
2033,1299,boxer,hering
2034,289,boxer,hering
2035,289,boxer,hering
2036,799,boxer,hering
2037,549,boxer,hering
2038,899,boxer,hering
2039,449,boxer,hering
2040,499,boxer,hering
2041,499,boxer,hering
2042,329,boxer,hering
2043,329,boxer,hering
2044,1099,boxer,hering
2045,349,boxer,hering
2046,449,boxer,hering
2047,549,sweater,hering
2048,399,sweater,hering
2049,899,sweater,hering
2050,499,sweater,hering
2051,399,sweater,hering
2052,699,sweater,hering
2053,549,sweater,hering
2054,699,sweater,hering
2055,1299,sweater,hering
2056,449,short,hering
2057,299,short,hering
2058,299,short,hering
2059,290,short,hering
2060,159,short,hering
2061,699,short,hering
2062,799,short,hering
2063,1099,short,hering
2064,299,short,hering
2065,349,short,hering
2066,899,short,hering
2067,1099,short,hering
2068,899,short,hering
2069,1099,short,hering
2070,199,short,hering
